id;number;user_id;room_id
1;1;1;1
2;2;2;1
3;3;3;1
4;1;4;2
5;1;5;4
6;1;6;5
7;2;7;5
8;3;8;5
9;4;9;5
10;5;10;5
11;6;11;5
12;1;12;6
13;2;13;6
14;3;14;6
15;4;15;6
16;5;16;6
17;6;17;6
18;7;18;6
19;8;19;6
20;9;20;6
21;10;21;6
22;1;22;7
23;2;23;7
24;3;24;7
25;4;25;7
26;5;26;7
27;6;27;7
28;7;28;7
29;8;29;7
30;9;30;7
31;10;31;7
32;11;32;7
33;12;33;7
34;13;34;7
35;1;35;8
36;2;36;8
37;3;37;8
38;4;38;8
39;5;39;8
40;1;40;10
41;2;41;10
42;3;42;10
43;1;43;17
44;2;44;17
45;3;45;17
46;4;46;17
47;5;47;17
48;6;48;17
49;1;49;18
50;2;50;18
51;3;51;18
52;4;52;18
53;5;53;18
54;6;54;18
55;1;55;19
56;2;56;19
57;3;57;19
58;4;58;19
59;5;59;19
60;6;60;19
61;13;61;36
62;14;62;36
63;15;63;36
64;16;64;36
65;17;65;36
66;13;66;37
67;14;67;37
68;15;68;37
69;16;69;37
70;17;70;37
71;18;71;37
72;13;72;38
73;14;73;38
74;15;74;38
75;16;75;38
76;17;76;38
77;18;77;38
78;13;78;39
79;14;79;39
80;1;80;40
81;2;81;40
82;3;82;40
83;4;83;40
84;5;84;40
85;6;85;40
86;7;86;40
87;8;87;40
88;1;88;41
89;2;89;41
90;3;90;41
91;4;91;41
92;5;92;41
93;6;93;41
94;7;94;41
95;8;95;41
96;9;96;41
97;10;97;41
98;1;98;42
99;2;99;42
100;3;100;42
101;4;101;42
102;5;102;42
103;6;103;42
104;7;104;42
105;8;105;42
106;1;106;43
107;2;107;43
108;3;108;43
109;4;109;43
110;5;110;43
111;6;111;43
112;7;112;43
113;8;113;43
114;9;114;43
115;1;115;44
116;2;116;44
117;3;117;44
118;4;118;44
119;5;119;44
120;6;120;44
121;7;121;44
122;8;122;44
123;1;123;45
124;2;124;45
125;3;125;45
126;4;126;45
127;5;127;45
128;1;128;56
129;2;129;56
130;3;130;56
131;4;131;56
132;5;132;56
133;6;133;56
134;13;134;60
135;14;135;60
136;15;136;60
137;16;137;60
138;17;138;60
139;13;139;61
140;14;140;61
141;15;141;61
142;16;142;61
143;17;143;61
144;13;144;62
145;14;145;62
146;15;146;62
147;16;147;62
148;17;148;62
149;13;149;63
150;14;150;63
151;15;151;63
152;16;152;63
153;17;153;63
154;13;154;64
155;14;155;64
156;15;156;64
157;13;157;65
158;14;158;65
159;15;159;65
160;16;160;65
161;17;161;65
